SampleID_16S,SampleID_18S,Read1_16S,Read1_18S,Read2_16S,Read2_18S,Group,Name,Bardcode_53_16S,Barcode_reverse_16S,Barcode_18S,Barcode_reverse_18S,Location,Glacier,Region,Pole,Source,Document,Date,Glacier_Latitude,Glacier_Longitude,Cryoconite_Latitude,Cryoconite_Longitude,Distance_To_Sea,Elevation,Water_Depth,Sediment_Depth,Total_Depth,NS,EW,Sediment_Volume,Water_Volume,Median_Grain_Size,Radius,Mass,Rock_Water ,Ice_Lid,Temp ,Conductivity ,pH,DO ,DOC_ppm,DOC_mgL-1 ,DIC,TDN_mgM-3,TDN_mgL-1 ,TIN,TON ,N,DON,TDP,DOP,C:N,H,Cl_ueq,Cl_mg,SO4_mueq,SO4_mg,Na_mueq,Na_mg,K_mueq,K_mg,Mg_mueq,Mg_mg,Ca_mueq,Ca_mg,HCO3_mueq,HCO3_mg,PO4,NO2,SiO2,F,NH4 ,NO3_mg,NO3_mueq,NO3-N_mueq,NO3-N_mg,NH4-N_mg,pCO2,DRP,TOxN,Cl_Age,Cl_merge,SO4_merge,Na_merge,K_merge,Mg_merge,Ca_merge,HCO3_merge,NO3_merge,NO3-N_merge
158,60,158_S137_L001_R1_001.fastq,60_S1_L001_R1_001.fastq,158_S137_L001_R2_001.fastq,60_S1_L001_R2_001.fastq,1,CAN81,GATCACGAGAGG,CCTCTCGTGATC,CTATCTCCTGTC,GACAGGAGATAG,Antarctica_Canada,Canada,McMurdo_Dry_Valleys,Antarctic,Bagshaw,20056 All data (1).xls,02/12/2005,77.6 S,163.0 E,77.61465,163.0396,NA,NA,28,5.0,28,NA,NA,7776.423565,35771.548,128.8,22.25,6800.5,0.2,NA,NA,NA,7.18,NA,NA,0.81,167.52,NA,0.047,0.107,-0.060,0.007,NA,NA,NA,15.86,0.157,186.80,NA,65.31,NA,95.60,NA,30.25,NA,66.08,NA,229.38,NA,NA,NA,NA,0.724,15.712,NA,1.459,NA,0.100,NA,NA,NA,-3.32,NA,6.185,3.33,6.62,3.14,2.197844,1.180202538,0.803141625,4.5967752,NA,0.0062,NA
150,61,150_S129_L001_R1_001.fastq,61_S2_L001_R1_001.fastq,150_S129_L001_R2_001.fastq,61_S2_L001_R2_001.fastq,1,CAN101,ACGCGAACTAAT,ATTAGTTCGCGT,ATGATGAGCCTC,GAGGCTCATCAT,Antarctica_Canada,Canada,McMurdo_Dry_Valleys,Antarctic,Bagshaw,20056 All data (1).xls,12/11/2005,77.6 S,163.0 E,77.6198,162.9901833,NA,NA,31,4.0,31,NA,NA,6221.138852,41992.687,NA,22.25,5440.4,0.1,NA,NA,168.7,6.5,NA,NA,1.78,391.44,NA,0.345,0.124,0.220,0.030,NA,NA,NA,11.48,0.180,508.51,NA,431.13,NA,326.17,NA,46.77,NA,299.84,NA,868.65,NA,NA,NA,0.004,1.503,15.546,NA,8.884,NA,1.29,NA,NA,NA,-2.27,NA,NA,3.80,18.03,20.71,7.498638304,1.824567718,3.644575458,17.407746,NA,0.07998,NA
153,62,153_S132_L001_R1_001.fastq,62_S3_L001_R1_001.fastq,153_S132_L001_R2_001.fastq,62_S3_L001_R2_001.fastq,1,CAN111,GAAACATCCCAC,GTGGGATGTTTC,GTCGACAGAGGA,TCCTCTGTCGAC,Antarctica_Canada,Canada,McMurdo_Dry_Valleys,Antarctic,Bagshaw,20056 All data (1).xls,17/11/2005,77.6 S,163.0 E,77.61616667,162.9963833,NA,NA,17,4.0,17,NA,NA,3216.990877,10455.220,NA,16,2813.3,0.3,NA,NA,101.4,6.63,NA,NA,1.37,400.48,NA,0.434,0.255,0.179,0.029,NA,NA,NA,5.58,0.178,208.88,NA,306.83,NA,163.70,NA,24.23,NA,116.61,NA,620.55,NA,NA,NA,0.045,0.720,10.922,NA,1.034,NA,0.07,NA,NA,NA,-2.39,NA,17.149,2.03,7.40,14.74,3.763363043,0.945092269,1.417374292,12.435822,NA,0.00434,NA
161,63,161_S140_L001_R1_001.fastq,63_S4_L001_R1_001.fastq,,63_S4_L001_R2_001.fastq,1,COM55,ACACGCGGTTTA,TAAACCGCGTGT,TGTCGCAAATAG,CTATTTGCGACA,Antarctica_Commonwealth,Commonwealth,McMurdo_Dry_Valleys,Antarctic,Bagshaw,20056 All data (1).xls,28/12/2007,77.6 S,163.3 E,77.56681,163.32555,NA,NA,8,0.5,29.5,30,40,NA,NA,NA,NA,NA,NA,20,NA,50.8,7.07,NA,NA,0.6,NA,NA,NA,NA,NA,NA,NA,NA,NA,NA,NA,303.8983051,NA,103.3354167,NA,219.0782609,NA,22.70692308,NA,124.600823,NA,195.675,NA,152.2802326,NA,NA,NA,NA,2.547052632,NA,NA,NA,0,NA,NA,NA,NA,NA,NA,10.77319492,4.96,5.036609217,0.885797069,1.514523004,3.921327,9.292139794,NA,0
162,64,162_S141_L001_R1_001.fastq,64_S5_L001_R1_001.fastq,,64_S5_L001_R2_001.fastq,1,COM57,TGGCAAATCTAG,CTAGATTTGCCA,CATCCCTCTACT,AGTAGAGGGATG,Antarctica_Commonwealth,Commonwealth,McMurdo_Dry_Valleys,Antarctic,Bagshaw,20056 All data (1).xls,28/12/2007,77.6 S,163.3 E,77.56776,163.3187,NA,NA,19,0.5,35.5,31,32,NA,NA,NA,NA,NA,NA,16,NA,47.9,8.06,NA,NA,0.7,NA,NA,NA,NA,NA,NA,NA,NA,NA,NA,NA,293.1920904,NA,97.48333333,NA,248.5782609,NA,21.58871795,NA,78.79835391,NA,178.44,NA,133.179752,NA,NA,NA,NA,2.719947368,NA,NA,NA,0.830209677,NA,NA,NA,NA,NA,NA,10.3936596,4.68,5.714814217,0.842175887,0.957793992,3.5759376,8.126628464,NA,0.227860676
173,65,173_S146_L001_R1_001.fastq,65_S6_L001_R1_001.fastq,173_S146_L001_R2_001.fastq,65_S6_L001_R2_001.fastq,1,COM80,AACGTAGGCTCT,AGAGCCTACGTT,TATACCGCTGCG,CGCAGCGGTATA,Antarctica_Commonwealth,Commonwealth,McMurdo_Dry_Valleys,Antarctic,Bagshaw,20056 All data (1).xls,02/01/2008,77.6 S,163.3 E,77.56476,163.28098,NA,NA,NA,4,33,40,40,NA,NA,NA,NA,NA,NA,29,NA,52.4,7.07,NA,2.3,NA,NA,NA,NA,NA,NA,NA,NA,NA,NA,NA,NA,195.9039548,NA,24.07083333,NA,190.7565217,NA,26.34871795,NA,203.4650206,NA,329.2,NA,528.0108978,NA,NA,NA,NA,1.663842105,NA,NA,NA,0.120732258,NA,NA,NA,NA,NA,-4.125,6.944795198,1.16,4.385492435,1.027863487,2.473117325,6.597168,32.21922498,NA,0.033136369
177,66,177_S150_L001_R1_001.fastq,66_S7_L001_R1_001.fastq,177_S150_L001_R2_001.fastq,66_S7_L001_R2_001.fastq,3,GrE8,TTGATCCGGTAG,CTACCGGATCAA,AGTTGAGGCATT,AATGCCTCAACT,Greenland,Kangerlussuaq,Greenland,Arctic,Bagshaw,NA,25/07/2016,67.1 N,50.7 E,NA,NA,NA,NA,NA,3,10,13,34,NA,NA,NA,NA,NA,NA,NA,NA,NA,NA,NA,NA,NA,NA,NA,NA,NA,NA,NA,NA,NA,NA,NA,NA,NA,NA,NA,NA,NA,NA,NA,NA,NA,NA,NA,NA,NA,NA,NA,NA,NA,NA,NA,NA,NA,NA,NA,NA,NA,NA,NA,NA,NA,NA,NA,NA,NA,NA,NA,NA,NA
176,67,176_S149_L001_R1_001.fastq,67_S8_L001_R1_001.fastq,176_S149_L001_R2_001.fastq,67_S8_L001_R2_001.fastq,3,GrC11,TAATCGGTGCCA,TGGCACCGATTA,ACGCGAACTAAT,ATTAGTTCGCGT,Greenland,Kangerlussuaq,Greenland,Arctic,Bagshaw,NA,NA,67.1 N,50.7 E,NA,NA,NA,NA,NA,NA,NA,NA,NA,NA,NA,NA,NA,NA,NA,NA,NA,NA,NA,NA,NA,NA,NA,NA,NA,NA,NA,NA,NA,NA,NA,NA,NA,NA,NA,NA,NA,NA,NA,NA,NA,NA,NA,NA,NA,NA,NA,NA,NA,NA,NA,NA,NA,NA,NA,NA,NA,NA,NA,NA,NA,NA,NA,NA,NA,NA,NA,NA,NA,NA
175,68,175_S148_L001_R1_001.fastq,68_S9_L001_R1_001.fastq,175_S148_L001_R2_001.fastq,68_S9_L001_R2_001.fastq,3,GrC8,TCGTCAAACCCG,CGGGTTTGACGA,AGCTATGTATGG,CCATACATAGCT,Greenland,Kangerlussuaq,Greenland,Arctic,Bagshaw,NA,NA,67.1 N,50.7 E,NA,NA,NA,NA,NA,NA,NA,NA,NA,NA,NA,NA,NA,NA,NA,NA,NA,NA,NA,NA,NA,NA,NA,NA,NA,NA,NA,NA,NA,NA,NA,NA,NA,NA,NA,NA,NA,NA,NA,NA,NA,NA,NA,NA,NA,NA,NA,NA,NA,NA,NA,NA,NA,NA,NA,NA,NA,NA,NA,NA,NA,NA,NA,NA,NA,NA,NA,NA,NA,NA
3,69,5_S91_L001_R1_001.fastq,69_S10_L001_R1_001.fastq,5_S91_L001_R2_001.fastq,69_S10_L001_R2_001.fastq,3,SX,ATCACCAGGTGT,ACACCTGGTGAT,ACGGGTCATCAT,ATGATGACCCGT,Sweden,Storglaciären,Sweden,Arctic,Bagshaw,NA,01/08/2017,67.1 N,18.6 E,NA,NA,NA,NA,NA,NA,NA,NA,NA,NA,NA,NA,NA,NA,NA,NA,NA,NA,NA,NA,NA,NA,NA,NA,NA,NA,NA,NA,NA,NA,NA,NA,NA,NA,NA,NA,NA,NA,NA,NA,NA,NA,NA,NA,NA,NA,NA,NA,NA,NA,NA,NA,NA,NA,NA,NA,NA,NA,NA,NA,NA,NA,NA,NA,NA,NA,NA,NA,NA,NA
4,70,6_S92_L001_R1_001.fastq,70_S11_L001_R1_001.fastq,6_S92_L001_R2_001.fastq,70_S11_L001_R2_001.fastq,3,SY,TGGTCAACGATA,TATCGTTGACCA,GAAACATCCCAC,GTGGGATGTTTC,Sweden,Storglaciären,Sweden,Arctic,Bagshaw,NA,01/08/2017,67.1 N,18.6 E,NA,NA,NA,NA,NA,NA,NA,NA,NA,NA,NA,NA,NA,NA,NA,NA,NA,NA,NA,NA,NA,NA,NA,NA,NA,NA,NA,NA,NA,NA,NA,NA,NA,NA,NA,NA,NA,NA,NA,NA,NA,NA,NA,NA,NA,NA,NA,NA,NA,NA,NA,NA,NA,NA,NA,NA,NA,NA,NA,NA,NA,NA,NA,NA,NA,NA,NA,NA,NA,NA
5,71,7_S93_L001_R1_001.fastq,71_S12_L001_R1_001.fastq,7_S93_L001_R2_001.fastq,71_S12_L001_R2_001.fastq,3,SZ,ATCGCACAGTAA,TTACTGTGCGAT,CGTACTCTCGAG,CTCGAGAGTACG,Sweden,Storglaciären,Sweden,Arctic,Bagshaw,NA,01/08/2017,67.1 N,18.6 E,NA,NA,NA,NA,NA,NA,NA,NA,NA,NA,NA,NA,NA,NA,NA,NA,NA,NA,NA,NA,NA,NA,NA,NA,NA,NA,NA,NA,NA,NA,NA,NA,NA,NA,NA,NA,NA,NA,NA,NA,NA,NA,NA,NA,NA,NA,NA,NA,NA,NA,NA,NA,NA,NA,NA,NA,NA,NA,NA,NA,NA,NA,NA,NA,NA,NA,NA,NA,NA,NA
468,72,468_S155_L001_R1_001.fastq,72_S13_L001_R1_001.fastq,468_S155_L001_R2_001.fastq,72_S13_L001_R2_001.fastq,3,SvA,TCATTCCACTCA,TGAGTGGAATGA,TCAGTTCTCGTT,AACGAGAACTGA,Svalbard,Midre Lovenbreen,Svalbard,Arctic,Jungblut,NA,NA,78.8 N,12.1 E,NA,NA,NA,NA,NA,NA,NA,NA,NA,NA,NA,NA,NA,NA,NA,NA,NA,NA,NA,NA,NA,NA,NA,NA,NA,NA,NA,NA,NA,NA,NA,NA,NA,NA,NA,NA,NA,NA,NA,NA,NA,NA,NA,NA,NA,NA,NA,NA,NA,NA,NA,NA,NA,NA,NA,NA,NA,NA,NA,NA,NA,NA,NA,NA,NA,NA,NA,NA,NA,NA
469,73,469_S156_L001_R1_001.fastq,73_S14_L001_R1_001.fastq,469_S156_L001_R2_001.fastq,73_S14_L001_R2_001.fastq,3,SvB,GTCACATCACGA,TCGTGATGTGAC,TCGTGCGTGTTG,CAACACGCACGA,Svalbard,Midre Lovenbreen,Svalbard,Arctic,Jungblut,NA,NA,78.8 N,12.1 E,NA,NA,NA,NA,NA,NA,NA,NA,NA,NA,NA,NA,NA,NA,NA,NA,NA,NA,NA,NA,NA,NA,NA,NA,NA,NA,NA,NA,NA,NA,NA,NA,NA,NA,NA,NA,NA,NA,NA,NA,NA,NA,NA,NA,NA,NA,NA,NA,NA,NA,NA,NA,NA,NA,NA,NA,NA,NA,NA,NA,NA,NA,NA,NA,NA,NA,NA,NA,NA,NA
0,74,0_S86_L001_R1_001.fastq,74_S15_L001_R1_001.fastq,0_S86_L001_R2_001.fastq,74_S15_L001_R2_001.fastq,3,SvC,TCCCTTGTCTCC,GGAGACAAGGGA,GTTATCGCATGG,CCATGCGATAAC,Svalbard,Midre Lovenbreen,Svalbard,Arctic,Jungblut,NA,NA,78.8 N,12.1 E,NA,NA,NA,NA,NA,NA,NA,NA,NA,NA,NA,NA,NA,NA,NA,NA,NA,NA,NA,NA,NA,NA,NA,NA,NA,NA,NA,NA,NA,NA,NA,NA,NA,NA,NA,NA,NA,NA,NA,NA,NA,NA,NA,NA,NA,NA,NA,NA,NA,NA,NA,NA,NA,NA,NA,NA,NA,NA,NA,NA,NA,NA,NA,NA,NA,NA,NA,NA,NA,NA
6,75,8_S94_L001_R1_001.fastq,75_S16_L001_R1_001.fastq,8_S94_L001_R2_001.fastq,75_S16_L001_R2_001.fastq,1,TAY13,GTCGTGTAGCCT,AGGCTACACGAC,GATCACGAGAGG,CCTCTCGTGATC,Antarctica_Taylor,Taylor,McMurdo_Dry_Valleys,Antarctic,Bagshaw,20056 All data (1).xls,21/11/2005,77.7 S,162.0 E,77.75336667,161.91325,NA,NA,59,NA,51,NA,NA,14519.4595,232311.352,NA,39.25,12697.3,0.1,NA,NA,7.9,6.51,NA,NA,0.49,49.70,NA,NA,0.034,NA,0.025,NA,NA,NA,2.08,0.076,9.91,NA,2.71,NA,13.06,NA,4.88,NA,14.53,NA,30.05,NA,NA,NA,NA,0.114,4.378,NA,1.331,NA,0.210,NA,NA,NA,-3.17,NA,1.127,3.60,0.35,0.13,0.300149443,0.190378803,0.17661215,0.60223206,NA,0.01302,NA
7,76,9_S95_L001_R1_001.fastq,76_S17_L001_R1_001.fastq,9_S95_L001_R2_001.fastq,76_S17_L001_R2_001.fastq,1,TAY18,AGCGGAGGTTAG,CTAACCTCCGCT,GTAAATTCAGGC,GCCTGAATTTAC,Antarctica_Taylor,Taylor,McMurdo_Dry_Valleys,Antarctic,Bagshaw,20056 All data (1).xls,21/11/2005,77.7 S,162.0 E,77.74911667,162.0004667,NA,NA,51,6.0,68.25,NA,NA,91048.06749,944623.700,155.01,69.5,79621.5,0.1,NA,NA,10.0,6.75,NA,NA,NA,64.76,NA,NA,0.042,NA,NA,NA,NA,NA,NA,0.069,7.71,NA,7.28,NA,11.35,NA,3.38,NA,23.27,NA,43.28,NA,NA,NA,NA,0.191,7.591,NA,0.001,NA,0.690,NA,NA,NA,-3.30,NA,2.990,2.18,0.27,0.35,0.261046452,0.132023844,0.282806333,0.8672811,NA,0.04278,NA
151,77,151_S130_L001_R1_001.fastq,77_S18_L001_R1_001.fastq,151_S130_L001_R2_001.fastq,77_S18_L001_R2_001.fastq,1,TAY19,AGCTATGTATGG,CCATACATAGCT,AGTGTTTCGGAC,GTCCGAAACACT,Antarctica_Taylor,Taylor,McMurdo_Dry_Valleys,Antarctic,Bagshaw,20056 All data (1).xls,21/11/2005,77.7 S,162.0 E,77.7433,162.0950333,NA,NA,59,7.0,NA,NA,NA,52800.74773,NA,154.54,49,46174.3,NA,NA,NA,35.7,6.11,NA,NA,0.24,98.41,NA,NA,0.381,NA,0.012,NA,NA,NA,4.14,0.085,82.71,NA,104.67,NA,73.29,NA,7.39,NA,73.02,NA,142.83,NA,NA,NA,NA,0.706,9.871,NA,0.051,NA,9.020,NA,NA,NA,-2.48,NA,27.188,6.92,2.93,5.03,1.68486713,0.288103854,0.887588488,2.862213,NA,0.55924,NA
154,78,154_S133_L001_R1_001.fastq,78_S19_L001_R1_001.fastq,154_S133_L001_R2_001.fastq,78_S19_L001_R2_001.fastq,1,CAN47,CGTACTCTCGAG,CTCGAGAGTACG,ACACGCGGTTTA,TAAACCGCGTGT,Antarctica_Canada,Canada,McMurdo_Dry_Valleys,Antarctic,Bagshaw,20056 All data (1).xls,19/11/2005,77.6 S,163.0 E,77.61608333,162.9618333,NA,NA,17,5.0,17,NA,NA,12535.93644,30086.247,NA,28.25,10962.7,0.4,NA,NA,35.1,6.76,NA,NA,0.47,186.42,NA,NA,0.005,NA,0.011,NA,NA,NA,13.87,0.125,81.66,NA,43.99,NA,52.91,NA,12.22,NA,22.81,NA,225.25,NA,NA,NA,NA,0.034,7.085,NA,0.207,NA,208.24,NA,NA,NA,-2.85,NA,0.123,1.89,2.89,2.11,1.216370913,0.476602174,0.277204904,4.51401,NA,12.91088,NA
155,79,155_S134_L001_R1_001.fastq,79_S20_L001_R1_001.fastq,155_S134_L001_R2_001.fastq,79_S20_L001_R2_001.fastq,1,CAN61,TCAGTTCTCGTT,AACGAGAACTGA,TGGCAAATCTAG,CTAGATTTGCCA,Antarctica_Canada,Canada,McMurdo_Dry_Valleys,Antarctic,Bagshaw,20056 All data (1).xls,26/11/2005,77.6 S,163.0 E,77.62341667,162.984,NA,NA,28,5.0,28,NA,NA,4539.601384,20882.166,NA,17,3969.9,0.2,NA,NA,24,6.46,NA,NA,0.60,112.24,NA,0.165,0.030,0.135,NA,NA,NA,NA,NA,0.096,59.00,NA,32.77,NA,39.75,NA,9.59,NA,33.60,NA,122.16,NA,NA,NA,NA,0.083,6.368,NA,1.374,NA,0.090,NA,NA,NA,-2.77,NA,0.776,2.95,2.09,1.57,0.913842504,0.373925854,0.408397871,2.4480864,NA,0.00558,NA
156,80,156_S135_L001_R1_001.fastq,80_S21_L001_R1_001.fastq,156_S135_L001_R2_001.fastq,80_S21_L001_R2_001.fastq,1,CAN64,TCGTGCGTGTTG,CAACACGCACGA,CACCTTACCTTA,TAAGGTAAGGTG,Antarctica_Canada,Canada,McMurdo_Dry_Valleys,Antarctic,Bagshaw,20056 All data (1).xls,26/11/2005,77.6 S,163.0 E,77.62795,162.9922167,NA,NA,19,6.0,19,NA,NA,6451.260514,13977.731,182.04,18.5,5641.6,0.5,NA,NA,19.9,7.21,NA,NA,0.32,115.76,NA,0.198,0.048,0.149,NA,NA,NA,NA,NA,0.055,51.21,NA,7.61,NA,19.00,NA,6.36,NA,30.20,NA,119.61,NA,NA,NA,0.073,0.206,10.492,NA,NA,NA,5.570,NA,NA,NA,-3.51,NA,3.462,1.95,1.82,0.37,0.436849983,0.247933556,0.367040483,2.3968842,NA,0.34534,NA
157,81,157_S136_L001_R1_001.fastq,81_S22_L001_R1_001.fastq,157_S136_L001_R2_001.fastq,81_S22_L001_R2_001.fastq,1,CAN75,GTTATCGCATGG,CCATGCGATAAC,CGTGACAATAGT,ACTATTGTCACG,Antarctica_Canada,Canada,McMurdo_Dry_Valleys,Antarctic,Bagshaw,20056 All data (1).xls,02/12/2005,77.6 S,163.0 E,77.61556667,163.0390333,NA,NA,20,2.0,20,NA,NA,1762.826178,15865.436,138.37,16.75,1541.6,0.1,NA,NA,59.2,6.69,NA,NA,0.83,308.19,NA,0.626,0.139,0.487,0.012,NA,NA,NA,11.50,0.140,154.11,NA,78.33,NA,97.06,NA,30.11,NA,81.33,NA,334.75,NA,NA,NA,NA,1.085,20.229,NA,0.369,NA,0.140,NA,NA,NA,-2.56,NA,9.581,2.35,5.46,3.76,2.231329435,1.174501077,0.988586408,6.7082898,NA,0.00868,NA
159,82,159_S138_L001_R1_001.fastq,82_S23_L001_R1_001.fastq,159_S138_L001_R2_001.fastq,82_S23_L001_R2_001.fastq,1,CAN87,GTAAATTCAGGC,GCCTGAATTTAC,TTAAGACAGTCG,CGACTGTCTTAA,Antarctica_Canada,Canada,McMurdo_Dry_Valleys,Antarctic,Bagshaw,20056 All data (1).xls,03/12/2005,77.6 S,163.0 E,77.60588333,162.97515,NA,NA,14,4.0,14,NA,NA,1734.944543,4337.361,NA,11.75,1517.2,0.4,NA,NA,69.1,6.96,NA,NA,0.91,566.04,NA,0.105,0.032,0.073,NA,NA,NA,NA,NA,0.168,73.23,NA,47.17,NA,106.66,NA,47.19,NA,103.28,NA,432.00,NA,NA,NA,0.129,0.167,64.148,NA,1.405,NA,0.100,NA,NA,NA,-2.57,NA,0.893,1.53,2.60,2.27,2.452033435,1.840771872,1.255408917,8.6571798,NA,0.0062,NA
152,83,152_S131_L001_R1_001.fastq,83_S24_L001_R1_001.fastq,152_S131_L001_R2_001.fastq,83_S24_L001_R2_001.fastq,1,CAN102,ACGGGTCATCAT,ATGATGACCCGT,CACTGGTGCATA,TATGCACCAGTG,Antarctica_Canada,Canada,McMurdo_Dry_Valleys,Antarctic,Bagshaw,20056 All data (1).xls,17/11/2005,77.6 S,163.0 E,77.6143,162.9922833,NA,NA,19,5.0,19,NA,NA,2454.369261,6872.234,NA,12.5,2146.3,0.4,NA,NA,16.2,6.82,NA,NA,0.26,91.17,NA,0.192,0.003,0.189,NA,NA,NA,NA,NA,0.078,24.88,NA,17.15,NA,23.48,NA,6.32,NA,17.63,NA,86.56,NA,NA,NA,0.011,0.021,5.653,NA,NA,NA,0.58,NA,NA,NA,-3.22,NA,0.228,1.50,0.88,0.82,0.539905157,0.246363154,0.214262263,1.7346624,NA,0.03596,NA
39,84,39_S122_L001_R1_001.fastq,84_S25_L001_R1_001.fastq,39_S122_L001_R2_001.fastq,84_S25_L001_R2_001.fastq,2,DGC2,TCGACATCTCTT,AAGAGATGTCGA,AACGTAGGCTCT,AGAGCCTACGTT,Antarctica_Diamond,Diamond,McMurdo_Dry_Valleys,Antarctic,Jungblut,NA,27/12/2010,79.8 S,159.0 E,79.50418,158.57151,260,456,NA,NA,38,41,41,NA,NA,NA,NA,NA,NA,NA,NA,NA,NA,NA,NA,NA,NA,NA,NA,NA,NA,NA,NA,NA,NA,NA,NA,NA,NA,NA,NA,NA,NA,NA,NA,NA,NA,NA,NA,NA,NA,NA,NA,NA,NA,NA,NA,NA,NA,NA,NA,NA,NA,NA,NA,NA,NA,NA,NA,NA,NA,NA,NA,NA
40,85,40_S123_L001_R1_001.fastq,85_S26_L001_R1_001.fastq,40_S123_L001_R2_001.fastq,85_S26_L001_R2_001.fastq,2,DGC3,GAACACTTTGGA,TCCAAAGTGTTC,AGTTGTAGTCCG,CGGACTACAACT,Antarctica_Diamond,Diamond,McMurdo_Dry_Valleys,Antarctic,Jungblut,Cryo data compilation Webster-Brown et al.xls,01/12/2010,79.8 S,159.0 E,NA,NA,260,600,NA,NA,NA,NA,NA,NA,NA,NA,NA,NA,NA,NA,3.1,249,5.31,19.28,NA,NA,NA,7.88,NA,NA,NA,NA,2.04,0.01,0.002,NA,NA,NA,31,NA,43,NA,15.4,NA,1.45,NA,5.2,NA,15.4,NA,7.01,NA,NA,NA,NA,NA,NA,NA,NA,5810,31,NA,8,NA,NA,31,43,15.4,1.45,5.2,15.4,7.009649123,NA,5810
178,86,178_S151_L001_R1_001.fastq,86_S27_L001_R1_001.fastq,178_S151_L001_R2_001.fastq,86_S27_L001_R2_001.fastq,3,IM1,CGGGTGTTTGCT,AGCAAACACCCG,TCGTCAAACCCG,CGGGTTTGACGA,Margin,Margin,Greenland,Arctic,Bagshaw,NA,27/05/2017,67.2 N,50.0 E,NA,NA,NA,NA,NA,NA,NA,NA,NA,NA,NA,NA,NA,NA,NA,NA,NA,NA,NA,NA,NA,NA,NA,NA,NA,NA,NA,NA,NA,NA,NA,NA,NA,NA,NA,NA,NA,NA,NA,NA,NA,NA,NA,NA,NA,NA,NA,NA,NA,NA,NA,NA,NA,NA,NA,NA,NA,NA,NA,NA,NA,NA,NA,NA,NA,NA,NA,NA,NA,NA
179,87,179_S152_L001_R1_001.fastq,87_S28_L001_R1_001.fastq,179_S152_L001_R2_001.fastq,87_S28_L001_R2_001.fastq,3,IM2,TTGACCGCGGTT,AACCGCGGTCAA,TAATCGGTGCCA,TGGCACCGATTA,Margin,Margin,Greenland,Arctic,Bagshaw,NA,27/05/2017,67.2 N,50.0 E,NA,NA,NA,NA,NA,NA,NA,NA,NA,NA,NA,NA,NA,NA,NA,NA,NA,NA,NA,NA,NA,NA,NA,NA,NA,NA,NA,NA,NA,NA,NA,NA,NA,NA,NA,NA,NA,NA,NA,NA,NA,NA,NA,NA,NA,NA,NA,NA,NA,NA,NA,NA,NA,NA,NA,NA,NA,NA,NA,NA,NA,NA,NA,NA,NA,NA,NA,NA,NA,NA
466,88,466_S153_L001_R1_001.fastq,88_S29_L001_R1_001.fastq,466_S153_L001_R2_001.fastq,88_S29_L001_R2_001.fastq,3,IM3,GTTTGGCCACAC,GTGTGGCCAAAC,TTGATCCGGTAG,CTACCGGATCAA,Margin,Margin,Greenland,Arctic,Bagshaw,NA,27/05/2017,67.2 N,50.0 E,NA,NA,NA,NA,NA,NA,NA,NA,NA,NA,NA,NA,NA,NA,NA,NA,NA,NA,NA,NA,NA,NA,NA,NA,NA,NA,NA,NA,NA,NA,NA,NA,NA,NA,NA,NA,NA,NA,NA,NA,NA,NA,NA,NA,NA,NA,NA,NA,NA,NA,NA,NA,NA,NA,NA,NA,NA,NA,NA,NA,NA,NA,NA,NA,NA,NA,NA,NA,NA,NA
467,89,467_S154_L001_R1_001.fastq,89_S30_L001_R1_001.fastq,467_S154_L001_R2_001.fastq,89_S30_L001_R2_001.fastq,3,IM4,TCAGGTTGCCCA,TGGGCAACCTGA,CGGGTGTTTGCT,AGCAAACACCCG,Margin,Margin,Greenland,Arctic,Bagshaw,NA,27/05/2017,67.2 N,50.0 E,NA,NA,NA,NA,NA,NA,NA,NA,NA,NA,NA,NA,NA,NA,NA,NA,NA,NA,NA,NA,NA,NA,NA,NA,NA,NA,NA,NA,NA,NA,NA,NA,NA,NA,NA,NA,NA,NA,NA,NA,NA,NA,NA,NA,NA,NA,NA,NA,NA,NA,NA,NA,NA,NA,NA,NA,NA,NA,NA,NA,NA,NA,NA,NA,NA,NA,NA,NA,NA,NA
160,90,160_S139_L001_R1_001.fastq,90_S31_L001_R1_001.fastq,,90_S31_L001_R2_001.fastq,1,COM54,AGTGTTTCGGAC,GTCCGAAACACT,TTGACCGCGGTT,AACCGCGGTCAA,Antarctica_Commonwealth,Commonwealth,McMurdo_Dry_Valleys,Antarctic,Bagshaw,20056 All data (1).xls,04/11/2005,77.6 S,163.3 E,77.57581667,163.30885,NA,NA,21,5.0,29.5,NA,NA,4276.493,20954.816,NA,16.5,3739.8,0.2,NA,NA,56.8,5.79,NA,NA,1.31,441.30,NA,0.157,0.113,0.044,0.080,NA,NA,NA,6.80,0.260,97.69,NA,44.48,NA,146.55,NA,30.11,NA,153.86,NA,266.01,NA,NA,NA,0.183,0.863,22.603,NA,0.121,NA,,NA,NA,NA,-1.65,NA,7.954,2.14,3.46,2.14,3.369134522,1.174401051,1.870148042,5.3307402,NA,0,NA
163,91,163_S142_L001_R1_001.fastq,91_S32_L001_R1_001.fastq,,91_S32_L001_R2_001.fastq,1,COM58,CACCTTACCTTA,TAAGGTAAGGTG,GTTTGGCCACAC,GTGTGGCCAAAC,Antarctica_Commonwealth,Commonwealth,McMurdo_Dry_Valleys,Antarctic,Bagshaw,20056 All data (1).xls,28/12/2007,77.6 S,163.3 E,77.56963,163.30396,NA,NA,8,0.5,25.5,38,55,NA,NA,NA,NA,NA,NA,17,NA,47.1,6.5,NA,NA,2.2,NA,NA,NA,NA,NA,NA,NA,NA,NA,NA,NA,284.3220339,NA,105.3791667,NA,204.9086957,NA,24.98153846,NA,79.30534979,NA,184.495,NA,100.6316108,NA,NA,NA,NA,3.140578947,NA,NA,NA,0.217193548,NA,NA,NA,NA,NA,NA,10.0792161,5.06,4.710850913,0.974529815,0.963956527,3.6972798,6.140540894,NA,0.059611289
166,92,166_S143_L001_R1_001.fastq,92_S33_L001_R1_001.fastq,,92_S33_L001_R2_001.fastq,1,COM62,CGTGACAATAGT,ACTATTGTCACG,TCAGGTTGCCCA,TGGGCAACCTGA,Antarctica_Commonwealth,Commonwealth,McMurdo_Dry_Valleys,Antarctic,Bagshaw,20056 All data (1).xls,28/12/2007,77.6 S,163.3 E,77.57048,163.29706,NA,NA,10,1,35,72,56,NA,NA,NA,NA,NA,NA,24,NA,50.1,9.58,NA,NA,1.3,NA,NA,NA,NA,NA,NA,NA,NA,NA,NA,NA,243.8163842,NA,106.73125,NA,254.673913,NA,26.93846154,NA,88.74074074,NA,218.835,NA,235.9143895,NA,NA,NA,NA,2.653315789,NA,NA,NA,0.072775806,NA,NA,NA,NA,NA,NA,8.643290819,5.13,5.854953261,1.050869385,1.078643704,4.3854534,14.39549605,NA,0.019974164
168,93,168_S144_L001_R1_001.fastq,93_S34_L001_R1_001.fastq,,93_S34_L001_R2_001.fastq,1,COM65,TTAAGACAGTCG,CGACTGTCTTAA,TCATTCCACTCA,TGAGTGGAATGA,Antarctica_Commonwealth,Commonwealth,McMurdo_Dry_Valleys,Antarctic,Bagshaw,20056 All data (1).xls,28/12/2007,77.6 S,163.3 E,77.57481,163.27106,NA,NA,11,1,27,45,49,NA,NA,NA,NA,NA,NA,14,NA,32.3,7.11,NA,NA,0.4,NA,NA,NA,NA,NA,NA,NA,NA,NA,NA,NA,156.819209,NA,61.50416667,NA,122.8782609,NA,18.22153846,NA,63.77283951,NA,143.78,NA,128.2553217,NA,NA,NA,NA,1.629473684,NA,NA,NA,0.444467742,NA,NA,NA,NA,NA,NA,5.55924096,2.95,2.824971217,0.710822215,0.775158864,2.8813512,7.82613973,NA,0.121989328
172,94,172_S145_L001_R1_001.fastq,94_S35_L001_R1_001.fastq,172_S145_L001_R2_001.fastq,94_S35_L001_R2_001.fastq,1,COM7,CACTGGTGCATA,TATGCACCAGTG,GTCACATCACGA,TCGTGATGTGAC,Antarctica_Commonwealth,Commonwealth,McMurdo_Dry_Valleys,Antarctic,Bagshaw,20056 All data (1).xls,29/12/2007,77.6 S,163.3 E,77.58515,163.2733,NA,NA,7,1,#REF!,28,28,NA,NA,NA,NA,NA,NA,3,NA,20.9,6.68,NA,NA,0.4,NA,NA,NA,NA,NA,NA,NA,NA,NA,NA,NA,78.11016949,NA,34.17916667,NA,66.53913043,NA,11.71128205,NA,21.88230453,NA,57.21,NA,43.22413671,NA,NA,NA,NA,1.756947368,NA,NA,12.07,0.072296774,NA,NA,NA,NA,NA,NA,2.769005508,1.64,1.529734609,0.456857113,0.265979412,1.1464884,2.637536822,0.74834,0.019842688
174,95,174_S147_L001_R1_001.fastq,95_S36_L001_R1_001.fastq,174_S147_L001_R2_001.fastq,95_S36_L001_R2_001.fastq,1,COM81,AGTTGTAGTCCG,CGGACTACAACT,CGACATTTCTCT,AGAGAAATGTCG,Antarctica_Commonwealth,Commonwealth,McMurdo_Dry_Valleys,Antarctic,Bagshaw,20056 All data (1).xls,02/01/2008,77.6 S,163.3 E,77.56302,163.27974,NA,NA,NA,7,16,NA,NA,NA,NA,NA,NA,NA,NA,3,NA,89.5,7.36,NA,0.9,NA,NA,NA,NA,NA,NA,NA,NA,NA,NA,NA,NA,425.2259887,NA,121.2604167,NA,400.0869565,NA,35.65641026,NA,173.3415638,NA,352.265,NA,412.0607341,NA,NA,NA,NA,2.665789474,NA,NA,NA,0.137001613,NA,NA,NA,NA,NA,-2,15.0742613,5.82,9.19799913,1.390956564,2.106966708,7.0593906,25.143946,NA,0.037601682
22,96,22_S106_L001_R1_001.fastq,96_S37_L001_R1_001.fastq,22_S106_L001_R2_001.fastq,96_S37_L001_R2_001.fastq,1,TAY29,CAAACAACAGCT,AGCTGTTGTTTG,GGACGTTAACTA,TAGTTAACGTCC,Antarctica_Taylor,Taylor,McMurdo_Dry_Valleys,Antarctic,Bagshaw,20056 All data (1).xls,18/01/2006,77.7 S,162.0 E,77.74029,162.12567,NA,NA,45/50,NA,75,61,61,NA,NA,NA,NA,NA,NA,25,NA,35.7/8.8,4.71/6.55,106.2,NA,0.334/0.3,2.12,NA,NA,0.010,NA,NA,NA,NA,NA,NA,NA,13.456/18.66,NA,10.987/17.66,NA,11.166/17.88,NA,2.398/4.01,NA,4.583/13.73,NA,9.251/47.81,NA,45.22475698,NA,0.004,NA,2.209,0.643789474,NA,NA,NA,1.231564516,NA,NA,-3.01,NA,0.724,13.95,NA,NA,NA,NA,NA,NA,2.759614671,NA,NA
23,97,23_S107_L001_R1_001.fastq,97_S38_L001_R1_001.fastq,23_S107_L001_R2_001.fastq,97_S38_L001_R2_001.fastq,1,TAY38,GCAACACCATCC,GGATGGTGTTGC,TAGCAGTTGCGT,ACGCAACTGCTA,Antarctica_Taylor,Taylor,McMurdo_Dry_Valleys,Antarctic,Bagshaw,20056 All data (1).xls,04/01/2008,77.7 S,162.0 E,77.75571,161.8368,NA,NA,5,2,45,36,33,NA,NA,NA,NA,NA,NA,35,NA,37.9,6.35,NA,NA,1.1,NA,NA,NA,NA,NA,NA,NA,NA,NA,NA,NA,140.1186441,NA,214.3958333,NA,227.9304348,NA,20.10692308,NA,58.15555556,NA,90.45,NA,27.93723737,NA,NA,NA,NA,12.61526316,NA,NA,NA,1.575935484,NA,NA,NA,NA,NA,NA,NA,NA,NA,NA,NA,NA,1.704730224,NA,NA
24,98,24_S108_L001_R1_001.fastq,98_S39_L001_R1_001.fastq,24_S108_L001_R2_001.fastq,98_S39_L001_R2_001.fastq,1,TAY40,GCGATATATCGC,GCGATATATCGC,CACGCTATTGGA,TCCAATAGCGTG,Antarctica_Taylor,Taylor,McMurdo_Dry_Valleys,Antarctic,Bagshaw,20056 All data (1).xls,04/01/2008,77.7 S,162.0 E,77.75542,161.81728,NA,NA,30,4,34,32,33,NA,NA,NA,NA,NA,NA,NA,NA,28.4,6.93,NA,0.8,,NA,NA,NA,NA,NA,NA,NA,NA,NA,NA,NA,51.34180791,NA,49.53125,NA,39.47130435,NA,11.30282051,NA,14.01646091,NA,193.275,NA,155.7182613,NA,NA,NA,NA,1.247105263,NA,NA,NA,0.22716129,NA,NA,NA,NA,NA,NA,NA,NA,NA,NA,NA,NA,9.501928305,NA,NA
25,99,25_S109_L001_R1_001.fastq,99_S40_L001_R1_001.fastq,25_S109_L001_R2_001.fastq,99_S40_L001_R2_001.fastq,1,TAY42,CGAGCAATCCTA,TAGGATTGCTCG,AACTTCACTTCC,GGAAGTGAAGTT,Antarctica_Taylor,Taylor,McMurdo_Dry_Valleys,Antarctic,Bagshaw,20056 All data (1).xls,04/01/2008,77.7 S,162.0 E,77.75601,161.82791,NA,NA,2,3,53,48,52,NA,NA,NA,NA,NA,NA,38,NA,28.8,5.55,NA,NA,0.3,NA,NA,NA,NA,NA,NA,NA,NA,NA,NA,NA,65.98870056,NA,168.0958333,NA,71.76521739,NA,7.908974359,NA,84.54320988,NA,119.345,NA,37.3289679,NA,NA,NA,NA,1.676157895,NA,NA,NA,10.47274194,NA,NA,NA,NA,NA,NA,NA,NA,NA,NA,NA,NA,2.277813621,NA,NA
26,100,26_S110_L001_R1_001.fastq,100_S41_L001_R1_001.fastq,26_S110_L001_R2_001.fastq,100_S41_L001_R2_001.fastq,1,TAY44,AGTCGTGCACAT,ATGTGCACGACT,TCCCTTGTCTCC,GGAGACAAGGGA,Antarctica_Taylor,Taylor,McMurdo_Dry_Valleys,Antarctic,Bagshaw,20056 All data (1).xls,04/01/2008,77.7 S,162.0 E,77.75667,161.84464,NA,NA,14,2,61,58,58,NA,NA,NA,NA,NA,NA,45,NA,48.5,6.35,NA,NA,0.3,NA,NA,NA,NA,NA,NA,NA,NA,NA,NA,NA,79.95762712,NA,347.8958333,NA,140.5391304,NA,12.56128205,NA,140.5925926,NA,228.855,NA,79.40894191,NA,NA,NA,NA,5.909473684,NA,NA,NA,9.376129032,NA,NA,NA,NA,NA,NA,NA,NA,NA,NA,NA,NA,4.845533635,NA,NA
19,101,19_S104_L001_R1_001.fastq,101_S42_L001_R1_001.fastq,19_S104_L001_R2_001.fastq,101_S42_L001_R2_001.fastq,1,TAY45,GATCTGCGATCC,GGATCGCAGATC,ACGAGACTGATT,AATCAGTCTCGT,Antarctica_Taylor,Taylor,McMurdo_Dry_Valleys,Antarctic,Bagshaw,20056 All data (1).xls,04/01/2008,77.7 S,162.0 E,77.75667,161.84464,NA,NA,10,3,59,50,50,NA,NA,NA,NA,NA,NA,46,NA,64.3,6.09,NA,NA,0.4,NA,NA,NA,NA,NA,NA,NA,NA,NA,NA,NA,123.5,NA,440.2708333,NA,188.4565217,NA,14.82,NA,179.7530864,NA,298.17,NA,94.60278162,NA,NA,NA,NA,6.016315789,NA,NA,NA,16.80967742,NA,NA,NA,NA,NA,NA,NA,NA,NA,NA,NA,NA,5.772661734,NA,NA
8,102,10_S96_L001_R1_001.fastq,102_S43_L001_R1_001.fastq,10_S96_L001_R2_001.fastq,102_S43_L001_R2_001.fastq,3,Dub1,ATCCTTTGGTTC,GAACCAAAGGAT,GCTGTACGGATT,AATCCGTACAGC,Antarctica_Duboisbreen,Duboisbreen,Queen_Maud_Land,Antarctic,Lutz,NA,01/12/2017,72.03793 S,23.29693 E,72.044507,23.253845,NA,NA,NA,NA,NA,NA,NA,NA,NA,NA,NA,NA,NA,NA,NA,NA,NA,NA,NA,NA,NA,NA,NA,NA,NA,NA,NA,NA,NA,NA,NA,NA,NA,NA,NA,NA,NA,NA,NA,NA,NA,NA,NA,NA,NA,NA,NA,NA,NA,NA,NA,NA,NA,NA,NA,NA,NA,NA,NA,NA,NA,NA,NA,NA,NA,NA,NA,NA
9,103,11_S97_L001_R1_001.fastq,103_S44_L001_R1_001.fastq,11_S97_L001_R2_001.fastq,103_S44_L001_R2_001.fastq,3,Dub2,TACAGCGCATAC,GTATGCGCTGTA,ATCACCAGGTGT,ACACCTGGTGAT,Antarctica_Duboisbreen,Duboisbreen,Queen_Maud_Land,Antarctic,Lutz,NA,01/12/2017,72.03793 S,23.29693 E,72.044507,23.253845,NA,NA,NA,NA,NA,NA,NA,NA,NA,NA,NA,NA,NA,NA,NA,NA,NA,NA,NA,NA,NA,NA,NA,NA,NA,NA,NA,NA,NA,NA,NA,NA,NA,NA,NA,NA,NA,NA,NA,NA,NA,NA,NA,NA,NA,NA,NA,NA,NA,NA,NA,NA,NA,NA,NA,NA,NA,NA,NA,NA,NA,NA,NA,NA,NA,NA,NA,NA
41,104,41_S124_L001_R1_001.fastq,104_S45_L001_R1_001.fastq,41_S124_L001_R2_001.fastq,104_S45_L001_R2_001.fastq,2,DGC4,GAGCCATCTGTA,TACAGATGGCTC,TGGTCAACGATA,TATCGTTGACCA,Antarctica_Diamond,Diamond,McMurdo_Dry_Valleys,Antarctic,Jungblut,NA,27/12/2010,79.8 S,159.0 E,79.5042,158.57102,260,455,NA,NA,38,45,45,NA,NA,NA,NA,NA,NA,NA,NA,NA,NA,NA,NA,NA,NA,NA,NA,NA,NA,NA,NA,NA,NA,NA,NA,NA,NA,NA,NA,NA,NA,NA,NA,NA,NA,NA,NA,NA,NA,NA,NA,NA,NA,NA,NA,NA,NA,NA,NA,NA,NA,NA,NA,NA,NA,NA,NA,NA,NA,NA,NA,NA
1,106,1_S87_L001_R1_001.fastq,106_S46_L001_R1_001.fastq,1_S87_L001_R2_001.fastq,106_S46_L001_R2_001.fastq,3,SvD,ACGAGACTGATT,AATCAGTCTCGT,ATCGCACAGTAA,TTACTGTGCGAT,Svalbard,Midre Lovenbreen,Svalbard,Arctic,Jungblut,NA,NA,78.8 N,12.1 E,NA,NA,NA,NA,NA,NA,NA,NA,NA,NA,NA,NA,NA,NA,NA,NA,NA,NA,NA,NA,NA,NA,NA,NA,NA,NA,NA,NA,NA,NA,NA,NA,NA,NA,NA,NA,NA,NA,NA,NA,NA,NA,NA,NA,NA,NA,NA,NA,NA,NA,NA,NA,NA,NA,NA,NA,NA,NA,NA,NA,NA,NA,NA,NA,NA,NA,NA,NA,NA,NA
2,107,4_S90_L001_R1_001.fastq,107_S47_L001_R1_001.fastq,4_S90_L001_R2_001.fastq,107_S47_L001_R2_001.fastq,3,SvE,GCTGTACGGATT,AATCCGTACAGC,GTCGTGTAGCCT,AGGCTACACGAC,Svalbard,Midre Lovenbreen,Svalbard,Arctic,Jungblut,NA,NA,78.8 N,12.1 E,NA,NA,NA,NA,NA,NA,NA,NA,NA,NA,NA,NA,NA,NA,NA,NA,NA,NA,NA,NA,NA,NA,NA,NA,NA,NA,NA,NA,NA,NA,NA,NA,NA,NA,NA,NA,NA,NA,NA,NA,NA,NA,NA,NA,NA,NA,NA,NA,NA,NA,NA,NA,NA,NA,NA,NA,NA,NA,NA,NA,NA,NA,NA,NA,NA,NA,NA,NA,NA,NA
37,108,37_S120_L001_R1_001.fastq,108_S48_L001_R1_001.fastq,37_S120_L001_R2_001.fastq,108_S48_L001_R2_001.fastq,2,DGC1,TGCAGTCCTCGA,TCGAGGACTGCA,AGCGGAGGTTAG,CTAACCTCCGCT,Antarctica_Diamond,Diamond,McMurdo_Dry_Valleys,Antarctic,Jungblut,Cryo data compilation Webster-Brown et al.xls,01/12/2010,79.8 S,159.0 E,NA,NA,260,600,NA,NA,NA,NA,NA,NA,NA,NA,NA,NA,NA,NA,0.3,57,7.87,15.73,NA,NA,NA,NA,NA,NA,NA,NA,NA,NA,NA,NA,NA,NA,87,NA,142,NA,47,NA,5.4,NA,15.5,NA,48,NA,NA,NA,NA,NA,NA,NA,NA,NA,NA,NA,NA,NA,NA,NA,NA,3.08415,142,47,5.4,15.5,48,NA,NA,NA
473,109,473_S160_L001_R1_001.fastq,109_S49_L001_R1_001.fastq,473_S160_L001_R2_001.fastq,109_S49_L001_R2_001.fastq,2,LWC1,CACGCTATTGGA,TCCAATAGCGTG,ATCCTTTGGTTC,GAACCAAAGGAT,Antarctica_Lower_Wright,Lower Wright,McMurdo_Dry_Valleys,Antarctic,Jungblut,Cryo data compilation Webster-Brown et al.xls,01/01/2012,77.5 S,160.7 E,NA,NA,20,470,NA,NA,NA,NA,NA,NA,NA,NA,NA,NA,NA,NA,NA,174.5,4.86,16.74,NA,NA,NA,620,,NA,NA,NA,0.0392,0.004,0.0018,NA,NA,NA,20.39,#REF!,18.36,NA,11.71,NA,1.48,NA,4.14,NA,6.73,NA,2.76,NA,NA,NA,NA,NA,1.75,NA,NA,567,14,NA,2,NA,NA,20.39,18.36,11.71477948,1.480073555,4.135058022,6.726464287,2.75842,1.748,567
14,110,14_S99_L001_R1_001.fastq,110_S50_L001_R1_001.fastq,14_S99_L001_R2_001.fastq,110_S50_L001_R2_001.fastq,2,LWC2,ACCAGTGACTCA,TGAGTCACTGGT,TACAGCGCATAC,GTATGCGCTGTA,Antarctica_Lower_Wright,Lower Wright,McMurdo_Dry_Valleys,Antarctic,Jungblut,Cryo data compilation Webster-Brown et al.xls,01/01/2012,77.5 S,160.7 E,NA,NA,20,473,NA,NA,NA,NA,NA,NA,NA,NA,NA,NA,NA,NA,NA,71,4.8,18.85,NA,NA,NA,381,,NA,NA,NA,0.0286,0.007,0.0022,NA,NA,NA,9.93,#REF!,7.24,NA,6.43,NA,0.87,NA,2.05,NA,2.40,NA,0.00,NA,NA,NA,NA,NA,0.97,NA,NA,319,33,NA,5,NA,NA,9.93,7.24,6.432113365,0.867629024,2.051589869,2.398036016,0,0.970,319
470,111,470_S157_L001_R1_001.fastq,111_S51_L001_R1_001.fastq,470_S157_L001_R2_001.fastq,111_S51_L001_R2_001.fastq,2,KSC24,CGACATTTCTCT,AGAGAAATGTCG,ACCGGTATGTAC,GTACATACCGGT,Antarctica_Koettlitz,Upper Koettlitz,McMurdo_Dry_Valleys,Antarctic,Jungblut,NA,10/01/2010,78.3 S,163.63 E,78.18265,163.37504,80,800,0,NA,31,5.5,5.5,NA,NA,NA,NA,NA,NA,31,NA,NA,NA,NA,NA,NA,NA,NA,NA,NA,NA,NA,NA,NA,NA,NA,NA,NA,NA,NA,NA,NA,NA,NA,NA,NA,NA,NA,NA,NA,NA,NA,NA,NA,NA,NA,NA,NA,NA,NA,NA,NA,NA,NA,NA,NA,NA,NA,NA,NA,NA,NA,NA,NA
474,112,474_S161_L001_R1_001.fastq,112_S52_L001_R1_001.fastq,474_S161_L001_R2_001.fastq,112_S52_L001_R2_001.fastq,2,LWC3,AACTTCACTTCC,GGAAGTGAAGTT,AATTGTGTCGGA,TCCGACACAATT,Antarctica_Lower_Wright,Lower Wright,McMurdo_Dry_Valleys,Antarctic,Jungblut,Cryo data compilation Webster-Brown et al.xls,01/01/2012,77.5 S,160.7 E,NA,NA,20,466,NA,NA,NA,NA,NA,NA,NA,NA,NA,NA,NA,NA,NA,45.7,5.3,14.47,NA,NA,NA,313,,NA,NA,NA,0.031,0.005,0.0012,NA,NA,NA,10.62,#REF!,7.01,NA,5.47,NA,0.81,NA,1.74,NA,3.02,NA,0.00,NA,NA,NA,NA,NA,0.81,NA,NA,266,16,NA,4,NA,NA,10.62,7.01,5.470853564,0.807526674,1.739026563,3.016153305,0,0.809,266
15,113,15_S100_L001_R1_001.fastq,113_S53_L001_R1_001.fastq,15_S100_L001_R2_001.fastq,113_S53_L001_R2_001.fastq,2,LWC4,GAATACCAAGTC,GACTTGGTATTC,TGCATACACTGG,CCAGTGTATGCA,Antarctica_Lower_Wright,Lower Wright,McMurdo_Dry_Valleys,Antarctic,Jungblut,Cryo data compilation Webster-Brown et al.xls,01/01/2012,77.5 S,160.7 E,NA,NA,20,465,NA,NA,NA,NA,NA,NA,NA,NA,NA,NA,NA,NA,NA,19.6,5.61,13.93,NA,NA,NA,185,,NA,NA,NA,0.0168,0.003,0.0018,NA,NA,NA,4.50,#REF!,4.18,NA,3.05,NA,0.55,NA,0.79,NA,1.37,NA,0.00,NA,NA,NA,NA,NA,0.46,NA,NA,154,14,NA,1,NA,NA,4.50,4.18,3.053996339,0.549049512,0.792986157,1.368308877,0,0.464,154
31,114,31_S114_L001_R1_001.fastq,114_S54_L001_R1_001.fastq,31_S114_L001_R2_001.fastq,114_S54_L001_R2_001.fastq,2,KSC13,AGTTACGAGCTA,TAGCTCGTAACT,ACCAGTGACTCA,TGAGTCACTGGT,Antarctica_Koettlitz,Upper Koettlitz,McMurdo_Dry_Valleys,Antarctic,Jungblut,GPS_cryoconites,08/01/2010,78.3 S,163.63 E,78.18265,163.37504,80,800,NA,NA,24,76,28,NA,NA,NA,NA,NA,NA,48,0.4,19.3,11.48,14.28,NA,NA,NA,NA,NA,NA,NA,NA,NA,NA,NA,NA,NA,NA,NA,NA,NA,NA,NA,NA,NA,NA,NA,NA,NA,NA,NA,NA,NA,NA,NA,NA,NA,NA,NA,NA,NA,NA,NA,NA,NA,NA,NA,NA,NA,NA,NA,NA,NA,NA
32,115,32_S115_L001_R1_001.fastq,115_S55_L001_R1_001.fastq,32_S115_L001_R2_001.fastq,115_S55_L001_R2_001.fastq,2,KSC14,GCATATGCACTG,CAGTGCATATGC,GAATACCAAGTC,GACTTGGTATTC,Antarctica_Koettlitz,Upper Koettlitz,McMurdo_Dry_Valleys,Antarctic,Jungblut,GPS_cryoconites,09/01/2010,78.3 S,163.63 E,78.18265,163.37504,80,800,NA,NA,26,97,80,NA,NA,NA,NA,NA,NA,46,0.3,18.5,10.83,144,NA,NA,NA,NA,NA,NA,NA,NA,NA,NA,NA,NA,NA,NA,NA,NA,NA,NA,NA,NA,NA,NA,NA,NA,NA,NA,NA,NA,NA,NA,NA,NA,NA,NA,NA,NA,NA,NA,NA,NA,NA,NA,NA,NA,NA,NA,NA,NA,NA,NA
33,116,33_S116_L001_R1_001.fastq,116_S56_L001_R1_001.fastq,33_S116_L001_R2_001.fastq,116_S56_L001_R2_001.fastq,2,KSC16,CAACTCCCGTGA,TCACGGGAGTTG,GTAGATCGTGTA,TACACGATCTAC,Antarctica_Koettlitz,Upper Koettlitz,McMurdo_Dry_Valleys,Antarctic,Jungblut,GPS_cryoconites,10/01/2010,78.3 S,163.63 E,78.18265,163.37504,80,800,NA,NA,34,15,16,NA,NA,NA,NA,NA,NA,36,0.3,77.8,10.66,18.5,NA,NA,NA,NA,NA,NA,NA,NA,NA,NA,NA,NA,NA,NA,NA,NA,NA,NA,NA,NA,NA,NA,NA,NA,NA,NA,NA,NA,NA,NA,NA,NA,NA,NA,NA,NA,NA,NA,NA,NA,NA,NA,NA,NA,NA,NA,NA,NA,NA,NA
34,117,34_S117_L001_R1_001.fastq,117_S57_L001_R1_001.fastq,34_S117_L001_R2_001.fastq,117_S57_L001_R2_001.fastq,2,KSC17,TTGCGTTAGCAG,CTGCTAACGCAA,CATTATGGCGTG,CACGCCATAATG,Antarctica_Koettlitz,Upper Koettlitz,McMurdo_Dry_Valleys,Antarctic,Jungblut,NA,10/01/2010,78.3 S,163.63 E,78.18265,163.37504,80,800,NA,NA,NA,NA,NA,NA,NA,NA,NA,NA,NA,NA,NA,NA,NA,NA,NA,NA,NA,NA,NA,NA,NA,NA,NA,NA,NA,NA,NA,NA,NA,NA,NA,NA,NA,NA,NA,NA,NA,NA,NA,NA,NA,NA,NA,NA,NA,NA,NA,NA,NA,NA,NA,NA,NA,NA,NA,NA,NA,NA,NA,NA,NA,NA,NA,NA
35,118,35_S118_L001_R1_001.fastq,118_S58_L001_R1_001.fastq,35_S118_L001_R2_001.fastq,118_S58_L001_R2_001.fastq,2,KSC23,TACGAGCCCTAA,TTAGGGCTCGTA,CCAATACGCCTG,CAGGCGTATTGG,Antarctica_Koettlitz,Upper Koettlitz,McMurdo_Dry_Valleys,Antarctic,Jungblut,NA,10/01/2010,78.3 S,163.63 E,78.18265,163.37504,80,800,0,NA,31,5.5,5.5,NA,NA,NA,NA,NA,NA,31,NA,NA,NA,NA,NA,NA,NA,NA,NA,NA,NA,NA,NA,NA,NA,NA,NA,NA,NA,NA,NA,NA,NA,NA,NA,NA,NA,NA,NA,NA,NA,NA,NA,NA,NA,NA,NA,NA,NA,NA,NA,NA,NA,NA,NA,NA,NA,NA,NA,NA,NA,NA,NA,NA
36,119,36_S119_L001_R1_001.fastq,119_S59_L001_R1_001.fastq,36_S119_L001_R2_001.fastq,119_S59_L001_R2_001.fastq,2,KSC27,CACTACGCTAGA,TCTAGCGTAGTG,GATCTGCGATCC,GGATCGCAGATC,Antarctica_Koettlitz,Upper Koettlitz,McMurdo_Dry_Valleys,Antarctic,Jungblut,NA,10/01/2010,78.3 S,163.63 E,78.18265,163.37504,80,800,0,NA,23,5.5,5.5,NA,NA,NA,NA,NA,NA,23,NA,NA,NA,NA,NA,NA,NA,NA,NA,NA,NA,NA,NA,NA,NA,NA,NA,NA,NA,NA,NA,NA,NA,NA,NA,NA,NA,NA,NA,NA,NA,NA,NA,NA,NA,NA,NA,NA,NA,NA,NA,NA,NA,NA,NA,NA,NA,NA,NA,NA,NA,NA,NA,NA
43,120,43_S125_L001_R1_001.fastq,120_S60_L001_R1_001.fastq,43_S125_L001_R2_001.fastq,120_S60_L001_R2_001.fastq,2,LKGC1,AAGGCGCTCCTT,AAGGAGCGCCTT,CAGCTCATCAGC,GCTGATGAGCTG,Antarctica_Lower_Koettlitz,Lower Koettlitz,McMurdo_Dry_Valleys,Antarctic,Jungblut,Cryo data compilation Webster-Brown et al.xls,01/01/2010,78.1 S,164.2 E,NA,NA,35,30,NA,NA,NA,NA,NA,NA,NA,NA,NA,NA,NA,NA,2.2,3370,9.42,14.19,NA,NA,NA,230,,NA,NA,NA,0.226,0.011,0.0061,NA,NA,NA,931.46,#REF!,193.93,NA,598.90,NA,18.85,NA,59.91,NA,25.50,NA,10.91,NA,NA,NA,NA,NA,NA,NA,NA,<1,4,NA,4.9,NA,NA,931.46,193.93,598.89866,18.8503,59.90632,25.49594,10.90800715,NA,<1
44,121,44_S126_L001_R1_001.fastq,121_S61_L001_R1_001.fastq,44_S126_L001_R2_001.fastq,121_S61_L001_R2_001.fastq,2,LKGC2,TAATACGGATCG,CGATCCGTATTA,CAAACAACAGCT,AGCTGTTGTTTG,Antarctica_Lower_Koettlitz,Lower Koettlitz,McMurdo_Dry_Valleys,Antarctic,Jungblut,Cryo data compilation Webster-Brown et al.xls,01/01/2010,78.1 S,164.2 E,NA,NA,35,30,NA,NA,NA,NA,NA,NA,NA,NA,NA,NA,NA,NA,2.7,648,9.19,12.16,NA,NA,NA,118,,NA,NA,NA,0.112,0.012,0.0065,NA,NA,NA,162.78,#REF!,36.79,NA,100.27,NA,3.83,NA,8.97,NA,3.91,NA,13.74,NA,NA,NA,NA,NA,NA,NA,NA,<1,6,NA,5.5,NA,NA,162.78,36.79,100.2676468,3.825085844,8.968356,3.9087085,13.73600901,NA,<1
45,122,45_S127_L001_R1_001.fastq,122_S62_L001_R1_001.fastq,45_S127_L001_R2_001.fastq,122_S62_L001_R2_001.fastq,2,LKGC3,TCGGAATTAGAC,GTCTAATTCCGA,GCAACACCATCC,GGATGGTGTTGC,Antarctica_Lower_Koettlitz,Lower Koettlitz,McMurdo_Dry_Valleys,Antarctic,Jungblut,Cryo data compilation Webster-Brown et al.xls,01/01/2010,78.1 S,164.2 E,NA,NA,35,30,NA,NA,NA,NA,NA,NA,NA,NA,NA,NA,NA,NA,2.5,1785,9.66,12.49,NA,NA,NA,168,,NA,NA,NA,0.164,0.014,0.0091,NA,NA,NA,410.31,#REF!,97.89,NA,251.17,NA,8.78,NA,25.40,NA,10.91,NA,11.31,NA,NA,NA,NA,NA,0.045,NA,NA,<1,4,NA,4.9,NA,NA,410.31,97.89,251.165753,8.779517424,25.401666,10.9090695,11.31200742,0.045,<1
46,123,46_S128_L001_R1_001.fastq,123_S63_L001_R1_001.fastq,46_S128_L001_R2_001.fastq,123_S63_L001_R2_001.fastq,2,LKGC4,TGTGAATTCGGA,TCCGAATTCACA,GCGATATATCGC,GCGATATATCGC,Antarctica_Lower_Koettlitz,Lower Koettlitz,McMurdo_Dry_Valleys,Antarctic,Jungblut,Cryo data compilation Webster-Brown et al.xls,01/01/2010,78.1 S,164.2 E,NA,NA,35,30,NA,NA,NA,NA,NA,NA,NA,NA,NA,NA,NA,NA,2.1,1373,9.72,11.3,NA,NA,NA,120,,NA,NA,NA,0.117,0.022,0.0097,NA,NA,NA,331.63,#REF!,143.27,NA,244.68,NA,7.60,NA,20.24,NA,11.01,NA,10.50,NA,NA,NA,NA,NA,0.060,NA,NA,<1,3,NA,12.3,NA,NA,331.63,143.27,244.6759835,7.59947746,20.236849,11.0084305,10.50400689,0.060,<1
60,124,60_S1_L001_R1_001.fastq,124_S64_L001_R1_001.fastq,60_S1_L001_R2_001.fastq,124_S64_L001_R2_001.fastq,2,LKGC5,CATTCGTGGCGT,ACGCCACGAATG,CGAGCAATCCTA,TAGGATTGCTCG,Antarctica_Lower_Koettlitz,Lower Koettlitz,McMurdo_Dry_Valleys,Antarctic,Jungblut,Cryo data compilation Webster-Brown et al.xls,01/01/2010,78.1 S,164.2 E,NA,NA,35,30,NA,NA,NA,NA,NA,NA,NA,NA,NA,NA,NA,NA,1.5,4230,9.67,12.31,NA,NA,NA,87,,NA,NA,NA,0.084,0.017,0.0114,NA,NA,NA,1098.25,#REF!,351.94,NA,771.85,NA,22.35,NA,76.41,NA,27.21,NA,9.70,NA,NA,NA,NA,NA,0.064,NA,NA,<1,3,NA,5.6,NA,NA,1098.25,351.94,771.85154,22.34562,76.40852,27.20948,9.696006358,0.064,<1
16,125,16_S101_L001_R1_001.fastq,125_S65_L001_R1_001.fastq,16_S101_L001_R2_001.fastq,125_S65_L001_R2_001.fastq,2,LWC5,GTAGATCGTGTA,TACACGATCTAC,AGTCGTGCACAT,ATGTGCACGACT,Antarctica_Lower_Wright,Lower Wright,McMurdo_Dry_Valleys,Antarctic,Jungblut,Cryo data compilation Webster-Brown et al.xls,01/01/2012,77.5 S,160.7 E,NA,NA,20,475,NA,NA,NA,NA,NA,NA,NA,NA,NA,NA,NA,NA,NA,11.7,5.8,14.4,NA,NA,NA,291,,NA,NA,NA,0.1773,0.003,0.001,NA,NA,NA,3.52,#REF!,1.92,NA,2.39,NA,0.40,NA,0.38,NA,0.62,NA,0.00,NA,NA,NA,NA,NA,0.23,NA,NA,83,31,NA,2,NA,NA,3.52,1.92,2.387335551,0.404409733,0.380328594,0.6236984,0,0.231,83.1
17,126,17_S102_L001_R1_001.fastq,126_S66_L001_R1_001.fastq,17_S102_L001_R2_001.fastq,126_S66_L001_R2_001.fastq,2,LWC6,CATTATGGCGTG,CACGCCATAATG,CGAGGGAAAGTC,GACTTTCCCTCG,Antarctica_Lower_Wright,Lower Wright,McMurdo_Dry_Valleys,Antarctic,Jungblut,Cryo data compilation Webster-Brown et al.xls,01/01/2012,77.5 S,160.7 E,NA,NA,20,465,NA,NA,NA,NA,NA,NA,NA,NA,NA,NA,NA,NA,NA,24.6,5.5,16.41,NA,NA,NA,677,,NA,NA,NA,0.412,0.003,0.003,NA,NA,NA,5.65,#REF!,4.97,NA,3.50,NA,0.50,NA,1.01,NA,1.71,NA,0.00,NA,NA,NA,NA,NA,0.77,NA,NA,248,17,NA,0,NA,NA,5.65,4.97,3.504814493,0.499592492,1.005684437,1.706228737,0,0.773,248
10,127,10_S96_L001_R1_001.fastq,127_S67_L001_R1_001.fastq,10_S96_L001_R2_001.fastq,127_S67_L001_R2_001.fastq,2,MVC4,ACCGGTATGTAC,GTACATACCGGT,CAAATTCGGGAT,ATCCCGAATTTG,Antarctica_Miers,Miers,McMurdo_Dry_Valleys,Antarctic,Jungblut,GPS_cryoconites,16/01/0000,78.8 S ,163.7 E,78.08182,164.14125,NA,NA,NA,NA,NA,NA,NA,NA,NA,NA,NA,3,NA,NA,NA,NA,NA,NA,NA,NA,NA,NA,NA,NA,NA,NA,NA,NA,NA,NA,NA,NA,NA,NA,NA,NA,NA,NA,NA,NA,NA,NA,NA,NA,NA,NA,NA,NA,NA,NA,NA,NA,NA,NA,NA,NA,NA,NA,NA,NA,NA,NA,NA,NA,NA,NA,NA,NA
11,128,11_S97_L001_R1_001.fastq,128_S68_L001_R1_001.fastq,11_S97_L001_R2_001.fastq,128_S68_L001_R2_001.fastq,2,MVC5,AATTGTGTCGGA,TCCGACACAATT,AGATTGACCAAC,GTTGGTCAATCT,Antarctica_Miers,Miers,McMurdo_Dry_Valleys,Antarctic,Jungblut,GPS_cryoconites,17/01/0000,78.8 S ,163.7 E,78.08047,164.14111,NA,NA,NA,NA,NA,NA,NA,NA,NA,NA,NA,3,NA,NA,NA,NA,NA,NA,NA,NA,NA,NA,NA,NA,NA,NA,NA,NA,NA,NA,NA,NA,NA,NA,NA,NA,NA,NA,NA,NA,NA,NA,NA,NA,NA,NA,NA,NA,NA,NA,NA,NA,NA,NA,NA,NA,NA,NA,NA,NA,NA,NA,NA,NA,NA,NA,NA,NA
12,129,12_S98_L001_R1_001.fastq,129_S69_L001_R1_001.fastq,12_S98_L001_R2_001.fastq,129_S69_L001_R2_001.fastq,2,MVC6,TGCATACACTGG,CCAGTGTATGCA,AGTTACGAGCTA,TAGCTCGTAACT,Antarctica_Miers,Miers,McMurdo_Dry_Valleys,Antarctic,Jungblut,GPS_cryoconites,17/01/0000,78.8 S ,163.7 E,78.08045,164.14114,NA,NA,NA,NA,NA,NA,NA,NA,NA,NA,NA,3,NA,NA,NA,NA,NA,NA,NA,NA,NA,NA,NA,NA,NA,NA,NA,NA,NA,NA,NA,NA,NA,NA,NA,NA,NA,NA,NA,NA,NA,NA,NA,NA,NA,NA,NA,NA,NA,NA,NA,NA,NA,NA,NA,NA,NA,NA,NA,NA,NA,NA,NA,NA,NA,NA,NA,NA
64,201,64_S5_L001_R1_001.fastq,201_S70_L001_R1_001.fastq,64_S5_L001_R2_001.fastq,201_S70_L001_R2_001.fastq,2,UWC2,CTATCTCCTGTC,GACAGGAGATAG,GCATATGCACTG,CAGTGCATATGC,Antarctica_Upper_Wright,Upper Wright,McMurdo_Dry_Valleys,Antarctic,Jungblut,Cryo data compilation Webster-Brown et al.xls,01/01/2012,77.5 S,162.9 E,NA,NA,75,950,NA,NA,NA,NA,NA,NA,NA,NA,NA,NA,NA,NA,0.6,40.7,5.61,17.95,NA,NA,NA,1070,NA,NA,NA,NA,-0.0018,0.003,0.002,NA,NA,NA,3.48,NA,7.69,NA,4.73,NA,0.27,NA,1.53,NA,2.64,NA,1.16,NA,NA,NA,NA,NA,2.68,NA,NA,1060,12,NA,1,NA,NA,3.48,7.69,4.73,0.27,1.53,2.64,1.16,2.68,1060
66,202,66_S7_L001_R1_001.fastq,202_S71_L001_R1_001.fastq,66_S7_L001_R2_001.fastq,202_S71_L001_R2_001.fastq,2,UWC3,ATGATGAGCCTC,GAGGCTCATCAT,CAACTCCCGTGA,TCACGGGAGTTG,Antarctica_Upper_Wright,Upper Wright,McMurdo_Dry_Valleys,Antarctic,Jungblut,Cryo data compilation Webster-Brown et al.xls,01/01/2012,77.5 S,162.9 E,NA,NA,75,950,NA,NA,NA,NA,NA,NA,NA,NA,NA,NA,NA,NA,0.6,55.7,5.61,21.6 max,NA,NA,NA,1710,NA,NA,NA,NA,-0.0627,0.0033,0.0013,NA,NA,NA,5.98,NA,10.76,NA,7.11,NA,0.38,NA,2.53,NA,3.90,NA,0.58,NA,NA,NA,NA,NA,4.90,NA,NA,1750,23,NA,2,NA,NA,5.98,10.76,7.11,0.38,2.53,3.90,0.58,4.90,1750
67,203,67_S8_L001_R1_001.fastq,203_S72_L001_R1_001.fastq,67_S8_L001_R2_001.fastq,203_S72_L001_R2_001.fastq,2,UWC4,GTCGACAGAGGA,TCCTCTGTCGAC,TTGCGTTAGCAG,CTGCTAACGCAA,Antarctica_Upper_Wright,Upper Wright,McMurdo_Dry_Valleys,Antarctic,Jungblut,Cryo data compilation Webster-Brown et al.xls,01/01/2012,77.5 S,162.9 E,NA,NA,75,950,NA,NA,NA,NA,NA,NA,NA,NA,NA,NA,NA,NA,1,48.3,5.72,17.11,NA,NA,NA,1720,NA,NA,NA,NA,-0.0932,0.003,0.0017,NA,NA,NA,6.67,NA,12.43,NA,8.56,NA,0.37,NA,2.50,NA,3.67,NA,2.90,NA,NA,NA,NA,NA,6.10,NA,NA,1790,23,NA,1,NA,NA,6.67,12.43,8.56,0.37,2.50,3.67,2.90,6.10,1790
68,204,68_S9_L001_R1_001.fastq,204_S73_L001_R1_001.fastq,68_S9_L001_R2_001.fastq,204_S73_L001_R2_001.fastq,2,UWC5,TGTCGCAAATAG,CTATTTGCGACA,TACGAGCCCTAA,TTAGGGCTCGTA,Antarctica_Upper_Wright,Upper Wright,McMurdo_Dry_Valleys,Antarctic,Jungblut,Cryo data compilation Webster-Brown et al.xls,01/01/2012,77.5 S,162.9 E,NA,NA,75,964,NA,NA,NA,NA,NA,NA,NA,NA,NA,NA,NA,NA,0.9,119.1,5.75,16.59,NA,NA,NA,NA,NA,NA,NA,NA,NA,NA,NA,NA,NA,NA,11.03,NA,28.23,NA,15.63,NA,0.65,NA,4.99,NA,7.89,NA,5.22,NA,NA,NA,NA,NA,11.45,NA,NA,NA,NA,NA,NA,NA,NA,11.03,28.23,15.63,0.65,4.99,7.89,5.22,11.45,NA
69,205,69_S10_L001_R1_001.fastq,205_S74_L001_R1_001.fastq,69_S10_L001_R2_001.fastq,205_S74_L001_R2_001.fastq,2,UWC6,CATCCCTCTACT,AGTAGAGGGATG,CACTACGCTAGA,TCTAGCGTAGTG,Antarctica_Upper_Wright,Upper Wright,McMurdo_Dry_Valleys,Antarctic,Jungblut,Cryo data compilation Webster-Brown et al.xls,01/01/2012,77.5 S,162.9 E,NA,NA,75,950,NA,NA,NA,NA,NA,NA,NA,NA,NA,NA,NA,NA,0.3,197.2,5.47,19.39,NA,NA,NA,NA,NA,NA,NA,NA,NA,NA,NA,NA,NA,NA,17.23,NA,33.58,NA,18.96,NA,0.61,NA,7.22,NA,11.13,NA,1.74,NA,NA,NA,NA,NA,18.28,NA,NA,NA,NA,NA,NA,NA,NA,17.23,33.58,18.96,0.61,7.22,11.13,1.74,18.28,NA
70,206,70_S11_L001_R1_001.fastq,206_S75_L001_R1_001.fastq,70_S11_L001_R2_001.fastq,206_S75_L001_R2_001.fastq,2,UWC7A,TATACCGCTGCG,CGCAGCGGTATA,TGCAGTCCTCGA,TCGAGGACTGCA,Antarctica_Upper_Wright,Upper Wright,McMurdo_Dry_Valleys,Antarctic,Jungblut,Cryo data compilation Webster-Brown et al.xls,01/01/2012,77.5 S,162.9 E,NA,NA,75,950,NA,NA,NA,NA,NA,NA,NA,NA,NA,NA,NA,NA,0.3,53,6.14,14.15,NA,NA,NA,NA,NA,NA,NA,NA,NA,NA,NA,NA,NA,NA,5.69,NA,9.69,NA,6.20,NA,0.50,NA,2.43,NA,3.33,NA,1.74,NA,NA,NA,NA,NA,4.01,NA,NA,NA,NA,NA,NA,NA,NA,5.69,9.69,6.20,0.50,2.43,3.33,1.74,4.01,NA
71,207,71_S12_L001_R1_001.fastq,207_S76_L001_R1_001.fastq,71_S12_L001_R2_001.fastq,207_S76_L001_R2_001.fastq,2,UWC7C,AGTTGAGGCATT,AATGCCTCAACT,ACCATAGCTCCG,CGGAGCTATGGT,Antarctica_Upper_Wright,Upper Wright,McMurdo_Dry_Valleys,Antarctic,Jungblut,Cryo data compilation Webster-Brown et al.xls,01/01/2012,77.5 S,162.9 E,NA,NA,75,950,NA,NA,NA,NA,NA,NA,NA,NA,NA,NA,NA,NA,0.3,53,6.14,14.15,NA,NA,NA,NA,NA,NA,NA,NA,NA,NA,NA,NA,NA,NA,5.69,NA,9.69,NA,6.20,NA,0.50,NA,2.43,NA,3.33,NA,1.74,NA,NA,NA,NA,NA,4.01,NA,NA,NA,NA,NA,NA,NA,NA,5.69,9.69,6.20,0.50,2.43,3.33,1.74,4.01,NA
18,209,18_S103_L001_R1_001.fastq,209_S77_L001_R1_001.fastq,18_S103_L001_R2_001.fastq,209_S77_L001_R2_001.fastq,2,MVC7,CCAATACGCCTG,CAGGCGTATTGG,TCGACATCTCTT,AAGAGATGTCGA,Antarctica_Miers,Miers,McMurdo_Dry_Valleys,Antarctic,Jungblut,GPS_cryoconites,17/01/0000,78.8 S ,163.7 E,78.08055,164.12116,NA,NA,NA,NA,NA,NA,NA,NA,NA,NA,NA,3,NA,NA,NA,NA,NA,NA,NA,NA,NA,NA,NA,NA,NA,NA,NA,NA,NA,NA,NA,NA,NA,NA,NA,NA,NA,NA,NA,NA,NA,NA,NA,NA,NA,NA,NA,NA,NA,NA,NA,NA,NA,NA,NA,NA,NA,NA,NA,NA,NA,NA,NA,NA,NA,NA,NA,NA
62,210,62_S3_L001_R1_001.fastq,210_S78_L001_R1_001.fastq,62_S3_L001_R2_001.fastq,210_S78_L001_R2_001.fastq,2,MVCS3,GGCCAGTTCCTA,TAGGAACTGGCC,GAACACTTTGGA,TCCAAAGTGTTC,Antarctica_Miers,Miers,McMurdo_Dry_Valleys,Antarctic,Jungblut,GPS_cryoconites,16/01/0000,78.8 S ,163.7 E,78.0807,164.13112,NA,NA,NA,NA,NA,NA,NA,NA,NA,NA,NA,3,NA,NA,NA,NA,NA,NA,NA,NA,NA,NA,NA,NA,NA,NA,NA,NA,NA,NA,NA,NA,NA,NA,NA,NA,NA,NA,NA,NA,NA,NA,NA,NA,NA,NA,NA,NA,NA,NA,NA,NA,NA,NA,NA,NA,NA,NA,NA,NA,NA,NA,NA,NA,NA,NA,NA,NA
28,211,28_S111_L001_R1_001.fastq,211_S79_L001_R1_001.fastq,28_S111_L001_R2_001.fastq,211_S79_L001_R2_001.fastq,3,IC1,CGAGGGAAAGTC,GACTTTCCCTCG,GAGCCATCTGTA,TACAGATGGCTC,Core,Core,Greenland,Arctic,Bagshaw,NA,01/06/2017,67.1 N,50.7 E,NA,NA,NA,NA,NA,NA,NA,NA,NA,NA,NA,NA,NA,NA,NA,NA,NA,NA,NA,NA,NA,NA,NA,NA,NA,NA,NA,NA,NA,NA,NA,NA,NA,NA,NA,NA,NA,NA,NA,NA,NA,NA,NA,NA,NA,NA,NA,NA,NA,NA,NA,NA,NA,NA,NA,NA,NA,NA,NA,NA,NA,NA,NA,NA,NA,NA,NA,NA,NA,NA
29,212,29_S112_L001_R1_001.fastq,212_S80_L001_R1_001.fastq,29_S112_L001_R2_001.fastq,212_S80_L001_R2_001.fastq,3,IC2,CAAATTCGGGAT,ATCCCGAATTTG,AAGGCGCTCCTT,AAGGAGCGCCTT,Core,Core,Greenland,Arctic,Bagshaw,NA,01/06/2017,67.1 N,50.7 E,NA,NA,NA,NA,NA,NA,NA,NA,NA,NA,NA,NA,NA,NA,NA,NA,NA,NA,NA,NA,NA,NA,NA,NA,NA,NA,NA,NA,NA,NA,NA,NA,NA,NA,NA,NA,NA,NA,NA,NA,NA,NA,NA,NA,NA,NA,NA,NA,NA,NA,NA,NA,NA,NA,NA,NA,NA,NA,NA,NA,NA,NA,NA,NA,NA,NA,NA,NA,NA,NA
30,213,30_S113_L001_R1_001.fastq,213_S81_L001_R1_001.fastq,30_S113_L001_R2_001.fastq,213_S81_L001_R2_001.fastq,3,IC3,AGATTGACCAAC,GTTGGTCAATCT,TAATACGGATCG,CGATCCGTATTA,Core,Core,Greenland,Arctic,Bagshaw,NA,01/06/2017,67.1 N,50.7 E,NA,NA,NA,NA,NA,NA,NA,NA,NA,NA,NA,NA,NA,NA,NA,NA,NA,NA,NA,NA,NA,NA,NA,NA,NA,NA,NA,NA,NA,NA,NA,NA,NA,NA,NA,NA,NA,NA,NA,NA,NA,NA,NA,NA,NA,NA,NA,NA,NA,NA,NA,NA,NA,NA,NA,NA,NA,NA,NA,NA,NA,NA,NA,NA,NA,NA,NA,NA,NA,NA
38,215,38_S121_L001_R1_001.fastq,215_S82_L001_R1_001.fastq,38_S121_L001_R2_001.fastq,215_S82_L001_R2_001.fastq,3,Ust4,ACCATAGCTCCG,CGGAGCTATGGT,TCGGAATTAGAC,GTCTAATTCCGA,Antarctica_Usteinen,Usteinen Scoop,Queen_Maud_Land,Antarctic,Bagshaw,NA,NA,72.0 S,23.3 E,71.958229,23.315386,NA,NA,NA,NA,NA,NA,NA,NA,NA,NA,NA,NA,NA,NA,NA,NA,NA,NA,NA,NA,NA,NA,NA,NA,NA,NA,NA,NA,NA,NA,NA,NA,NA,NA,NA,NA,NA,NA,NA,NA,NA,NA,NA,NA,NA,NA,NA,NA,NA,NA,NA,NA,NA,NA,NA,NA,NA,NA,NA,NA,NA,NA,NA,NA,NA,NA,NA,NA
471,217,471_S158_L001_R1_001.fastq,217_S83_L001_R1_001.fastq,471_S158_L001_R2_001.fastq,217_S83_L001_R2_001.fastq,2,KSC30,GGACGTTAACTA,TAGTTAACGTCC,TGTGAATTCGGA,TCCGAATTCACA,Antarctica_Koettlitz,Upper Koettlitz,McMurdo_Dry_Valleys,Antarctic,Jungblut,NA,10/01/2010,78.3 S,163.63 E,78.18265,163.37504,80,800,0,NA,32,20,20,NA,NA,NA,NA,NA,NA,32,NA,NA,NA,NA,NA,NA,NA,NA,NA,NA,NA,NA,NA,NA,NA,NA,NA,NA,NA,NA,NA,NA,NA,NA,NA,NA,NA,NA,NA,NA,NA,NA,NA,NA,NA,NA,NA,NA,NA,NA,NA,NA,NA,NA,NA,NA,NA,NA,NA,NA,NA,NA,NA,NA
472,218,472_S159_L001_R1_001.fastq,218_S84_L001_R1_001.fastq,472_S159_L001_R2_001.fastq,218_S84_L001_R2_001.fastq,2,KSC33,TAGCAGTTGCGT,ACGCAACTGCTA,CATTCGTGGCGT,ACGCCACGAATG,Antarctica_Koettlitz,Upper Koettlitz,McMurdo_Dry_Valleys,Antarctic,Jungblut,GPS_cryoconites,10/01/2010,78.3 S,163.63 E,78.18437,163.38837,80,800,0,NA,33,32,30,NA,NA,NA,NA,NA,NA,33,NA,NA,NA,NA,NA,NA,NA,NA,NA,NA,NA,NA,NA,NA,NA,NA,NA,NA,NA,NA,NA,NA,NA,NA,NA,NA,NA,NA,NA,NA,NA,NA,NA,NA,NA,NA,NA,NA,NA,NA,NA,NA,NA,NA,NA,NA,NA,NA,NA,NA,NA,NA,NA,NA
20,219,20_S105_L001_R1_001.fastq,219_S85_L001_R1_001.fastq,20_S105_L001_R2_001.fastq,219_S85_L001_R2_001.fastq,0,NegCtrlBlank16,CAGCTCATCAGC,GCTGATGAGCTG,GGCCAGTTCCTA,TAGGAACTGGCC,None,NA,NA,NA,Unknown,NA,NA,NA,NA,NA,NA,NA,NA,NA,NA,NA,NA,NA,NA,NA,NA,NA,NA,NA,NA,NA,NA,NA,NA,NA,NA,NA,NA,NA,NA,NA,NA,NA,NA,NA,NA,NA,NA,NA,NA,NA,NA,NA,NA,NA,NA,NA,NA,NA,NA,NA,NA,NA,NA,NA,NA,NA,NA,NA,NA,NA,NA,NA,NA,NA,NA,NA,NA,NA,NA,NA,NA,NA,NA